{
  "project_info": {
    "project_number": "889211031435",
    "firebase_url": "https://wordguesser-cad8f.firebaseio.com",
    "project_id": "wordguesser-cad8f",
    "storage_bucket": "wordguesser-cad8f.appspot.com"
  },
  "client": [
    {
      "client_info": {
        "mobilesdk_app_id": "1:889211031435:android:f8e1d1f20b47dd48",
        "android_client_info": {
          "package_name": "com.example.james.wordguesser"
        }
      },
      "oauth_client": [
        {
          "client_id": "889211031435-5s7a15f5u9vdbe5pke7gip4sjspgdbdp.apps.googleusercontent.com",
          "client_type": 3
        }
      ],
      "api_key": [
        {
          "current_key": "AIzaSyDFBoQTRJ1KYfhImE6L3VVTWcKiS2fbGis"
        }
      ],
      "services": {
        "analytics_service": {
          "status": 1
        },
        "appinvite_service": {
          "status": 1,
          "other_platform_oauth_client": []
        },
        "ads_service": {
          "status": 2
        }
      }
    }
  ],
  "configuration_version": "1"
}